topic_id,cluster,proposed_title,search_intent,target_reader,primary_keyword,related_keywords,recommended_article_type,difficulty_level,funnel_stage,unique_angle,suggested_internal_link,suggested_call_to_action,featured_snippet_opportunity,expert_review_or_source
"IQ-01","IQ-style tests explained","What a free IQ-style test actually measures","Informational","Curious first-time readers","IQ-style test explained","online IQ test|IQ test meaning|reasoning assessment","Explainer","Beginner","Discover","Clarify what an online practice test can responsibly say. Focus the article on “What a free IQ-style test actually measures” and include an original example or check.","/how-it-works","See how the assessment works","Yes: concise definition or checklist","Editorial review; cite any psychological claim"
"IQ-02","IQ-style tests explained","IQ-style test vs clinical assessment: a plain-language guide","Informational","Curious first-time readers","IQ-style test explained","online IQ test|IQ test meaning|reasoning assessment","Explainer","Beginner","Discover","Clarify what an online practice test can responsibly say. Focus the article on “IQ-style test vs clinical assessment: a plain-language guide” and include an original example or check.","/how-it-works","See how the assessment works","Yes: concise definition or checklist","Editorial review; cite any psychological claim"
"IQ-03","IQ-style tests explained","Why estimated scores are not permanent labels","Informational","Curious first-time readers","IQ-style test explained","online IQ test|IQ test meaning|reasoning assessment","Explainer","Beginner","Discover","Clarify what an online practice test can responsibly say. Focus the article on “Why estimated scores are not permanent labels” and include an original example or check.","/how-it-works","See how the assessment works","Yes: concise definition or checklist","Editorial review; cite any psychological claim"
"IQ-04","IQ-style tests explained","How randomized questions change each practice attempt","Informational","Curious first-time readers","IQ-style test explained","online IQ test|IQ test meaning|reasoning assessment","Explainer","Beginner","Discover","Clarify what an online practice test can responsibly say. Focus the article on “How randomized questions change each practice attempt” and include an original example or check.","/how-it-works","See how the assessment works","Yes: concise definition or checklist","Editorial review; cite any psychological claim"
"IQ-05","IQ-style tests explained","What five reasoning categories reveal about one session","Informational","Curious first-time readers","IQ-style test explained","online IQ test|IQ test meaning|reasoning assessment","Explainer","Beginner","Discover","Clarify what an online practice test can responsibly say. Focus the article on “What five reasoning categories reveal about one session” and include an original example or check.","/how-it-works","See how the assessment works","Yes: concise definition or checklist","Editorial review; cite any psychological claim"
"IQ-06","IQ-style tests explained","How to set expectations before an online reasoning test","Informational","Curious first-time readers","IQ-style test explained","online IQ test|IQ test meaning|reasoning assessment","Explainer","Beginner","Discover","Clarify what an online practice test can responsibly say. Focus the article on “How to set expectations before an online reasoning test” and include an original example or check.","/how-it-works","See how the assessment works","Yes: concise definition or checklist","Editorial review; cite any psychological claim"
"IQ-07","IQ-style tests explained","Why a short test cannot measure every kind of ability","Informational","Curious first-time readers","IQ-style test explained","online IQ test|IQ test meaning|reasoning assessment","Explainer","Beginner","Discover","Clarify what an online practice test can responsibly say. Focus the article on “Why a short test cannot measure every kind of ability” and include an original example or check.","/how-it-works","See how the assessment works","Yes: concise definition or checklist","Editorial review; cite any psychological claim"
"IQ-08","IQ-style tests explained","A reader's checklist for evaluating an online IQ-style test","Informational","Curious first-time readers","IQ-style test explained","online IQ test|IQ test meaning|reasoning assessment","Explainer","Beginner","Discover","Clarify what an online practice test can responsibly say. Focus the article on “A reader's checklist for evaluating an online IQ-style test” and include an original example or check.","/how-it-works","See how the assessment works","Yes: concise definition or checklist","Editorial review; cite any psychological claim"
"LOG-01","Logical reasoning","Must be true vs could be true in logic questions","Practice","Learners building logic habits","logical reasoning practice","logic puzzles|must be true|conditional reasoning","Worked example","Beginner","Learn","Use explicit conditions and a small proof instead of intuition. Focus the article on “Must be true vs could be true in logic questions” and include an original example or check.","/test","Try a fresh reasoning question","Yes: numbered reasoning steps","Editorial check; source only if claims added"
"LOG-02","Logical reasoning","How to translate “all” and “some” into a simple diagram","Practice","Learners building logic habits","logical reasoning practice","logic puzzles|must be true|conditional reasoning","Worked example","Beginner","Learn","Use explicit conditions and a small proof instead of intuition. Focus the article on “How to translate “all” and “some” into a simple diagram” and include an original example or check.","/test","Try a fresh reasoning question","Yes: numbered reasoning steps","Editorial check; source only if claims added"
"LOG-03","Logical reasoning","Contrapositives without the jargon","Practice","Learners building logic habits","logical reasoning practice","logic puzzles|must be true|conditional reasoning","Worked example","Beginner","Learn","Use explicit conditions and a small proof instead of intuition. Focus the article on “Contrapositives without the jargon” and include an original example or check.","/test","Try a fresh reasoning question","Yes: numbered reasoning steps","Editorial check; source only if claims added"
"LOG-04","Logical reasoning","Eliminating impossible options in conditional puzzles","Practice","Learners building logic habits","logical reasoning practice","logic puzzles|must be true|conditional reasoning","Worked example","Beginner","Learn","Use explicit conditions and a small proof instead of intuition. Focus the article on “Eliminating impossible options in conditional puzzles” and include an original example or check.","/test","Try a fresh reasoning question","Yes: numbered reasoning steps","Editorial check; source only if claims added"
"LOG-05","Logical reasoning","The safest way to chain three comparisons","Practice","Learners building logic habits","logical reasoning practice","logic puzzles|must be true|conditional reasoning","Worked example","Beginner","Learn","Use explicit conditions and a small proof instead of intuition. Focus the article on “The safest way to chain three comparisons” and include an original example or check.","/test","Try a fresh reasoning question","Yes: numbered reasoning steps","Editorial check; source only if claims added"
"LOG-06","Logical reasoning","How to spot a hidden assumption in a logic puzzle","Practice","Learners building logic habits","logical reasoning practice","logic puzzles|must be true|conditional reasoning","Worked example","Beginner","Learn","Use explicit conditions and a small proof instead of intuition. Focus the article on “How to spot a hidden assumption in a logic puzzle” and include an original example or check.","/test","Try a fresh reasoning question","Yes: numbered reasoning steps","Editorial check; source only if claims added"
"LOG-07","Logical reasoning","Truth-teller puzzles: track claims without guessing","Practice","Learners building logic habits","logical reasoning practice","logic puzzles|must be true|conditional reasoning","Worked example","Beginner","Learn","Use explicit conditions and a small proof instead of intuition. Focus the article on “Truth-teller puzzles: track claims without guessing” and include an original example or check.","/test","Try a fresh reasoning question","Yes: numbered reasoning steps","Editorial check; source only if claims added"
"LOG-08","Logical reasoning","A worked “exactly one” logic problem","Practice","Learners building logic habits","logical reasoning practice","logic puzzles|must be true|conditional reasoning","Worked example","Beginner","Learn","Use explicit conditions and a small proof instead of intuition. Focus the article on “A worked “exactly one” logic problem” and include an original example or check.","/test","Try a fresh reasoning question","Yes: numbered reasoning steps","Editorial check; source only if claims added"
"PAT-01","Pattern recognition","How to find the rule in a number pattern","Practice","Learners who miss sequence rules","pattern recognition practice","number patterns|visual patterns|sequence rules","Explainer with examples","Beginner","Learn","Test a candidate rule against every term before committing. Focus the article on “How to find the rule in a number pattern” and include an original example or check.","/test","Practise a new pattern","Yes: rule-finding steps","Editorial check; examples must be original"
"PAT-02","Pattern recognition","Alternating patterns: separate odd and even positions","Practice","Learners who miss sequence rules","pattern recognition practice","number patterns|visual patterns|sequence rules","Explainer with examples","Beginner","Learn","Test a candidate rule against every term before committing. Focus the article on “Alternating patterns: separate odd and even positions” and include an original example or check.","/test","Practise a new pattern","Yes: rule-finding steps","Editorial check; examples must be original"
"PAT-03","Pattern recognition","Visual sequence changes you can describe in words","Practice","Learners who miss sequence rules","pattern recognition practice","number patterns|visual patterns|sequence rules","Explainer with examples","Beginner","Learn","Test a candidate rule against every term before committing. Focus the article on “Visual sequence changes you can describe in words” and include an original example or check.","/test","Practise a new pattern","Yes: rule-finding steps","Editorial check; examples must be original"
"PAT-04","Pattern recognition","When a pattern has more than one tempting rule","Practice","Learners who miss sequence rules","pattern recognition practice","number patterns|visual patterns|sequence rules","Explainer with examples","Beginner","Learn","Test a candidate rule against every term before committing. Focus the article on “When a pattern has more than one tempting rule” and include an original example or check.","/test","Practise a new pattern","Yes: rule-finding steps","Editorial check; examples must be original"
"PAT-05","Pattern recognition","Squares, cubes, and other common sequence families","Practice","Learners who miss sequence rules","pattern recognition practice","number patterns|visual patterns|sequence rules","Explainer with examples","Beginner","Learn","Test a candidate rule against every term before committing. Focus the article on “Squares, cubes, and other common sequence families” and include an original example or check.","/test","Practise a new pattern","Yes: rule-finding steps","Editorial check; examples must be original"
"PAT-06","Pattern recognition","Rotation, reflection, and repetition in pattern questions","Practice","Learners who miss sequence rules","pattern recognition practice","number patterns|visual patterns|sequence rules","Explainer with examples","Beginner","Learn","Test a candidate rule against every term before committing. Focus the article on “Rotation, reflection, and repetition in pattern questions” and include an original example or check.","/test","Practise a new pattern","Yes: rule-finding steps","Editorial check; examples must be original"
"PAT-07","Pattern recognition","How to test a pattern against every term","Practice","Learners who miss sequence rules","pattern recognition practice","number patterns|visual patterns|sequence rules","Explainer with examples","Beginner","Learn","Test a candidate rule against every term before committing. Focus the article on “How to test a pattern against every term” and include an original example or check.","/test","Practise a new pattern","Yes: rule-finding steps","Editorial check; examples must be original"
"PAT-08","Pattern recognition","Pattern recognition practice with explained answers","Practice","Learners who miss sequence rules","pattern recognition practice","number patterns|visual patterns|sequence rules","Explainer with examples","Beginner","Learn","Test a candidate rule against every term before committing. Focus the article on “Pattern recognition practice with explained answers” and include an original example or check.","/test","Practise a new pattern","Yes: rule-finding steps","Editorial check; examples must be original"
"NUM-01","Number sequences and numerical reasoning","Number sequences using differences","Practice","Students and everyday problem-solvers","number sequence practice","number series|ratios|arithmetic reasoning","Worked practice set","Beginner","Learn","Connect sequence methods to reliable arithmetic checks. Focus the article on “Number sequences using differences” and include an original example or check.","/test","Try numerical reasoning practice","Yes: formula or worked answer","Editorial check; verify calculations"
"NUM-02","Number sequences and numerical reasoning","Number sequences using ratios","Practice","Students and everyday problem-solvers","number sequence practice","number series|ratios|arithmetic reasoning","Worked practice set","Beginner","Learn","Connect sequence methods to reliable arithmetic checks. Focus the article on “Number sequences using ratios” and include an original example or check.","/test","Try numerical reasoning practice","Yes: formula or worked answer","Editorial check; verify calculations"
"NUM-03","Number sequences and numerical reasoning","Mixed operations in sequence puzzles","Practice","Students and everyday problem-solvers","number sequence practice","number series|ratios|arithmetic reasoning","Worked practice set","Beginner","Learn","Connect sequence methods to reliable arithmetic checks. Focus the article on “Mixed operations in sequence puzzles” and include an original example or check.","/test","Try numerical reasoning practice","Yes: formula or worked answer","Editorial check; verify calculations"
"NUM-04","Number sequences and numerical reasoning","Missing-number grids and row relationships","Practice","Students and everyday problem-solvers","number sequence practice","number series|ratios|arithmetic reasoning","Worked practice set","Beginner","Learn","Connect sequence methods to reliable arithmetic checks. Focus the article on “Missing-number grids and row relationships” and include an original example or check.","/test","Try numerical reasoning practice","Yes: formula or worked answer","Editorial check; verify calculations"
"NUM-05","Number sequences and numerical reasoning","Arithmetic progressions in everyday examples","Practice","Students and everyday problem-solvers","number sequence practice","number series|ratios|arithmetic reasoning","Worked practice set","Beginner","Learn","Connect sequence methods to reliable arithmetic checks. Focus the article on “Arithmetic progressions in everyday examples” and include an original example or check.","/test","Try numerical reasoning practice","Yes: formula or worked answer","Editorial check; verify calculations"
"NUM-06","Number sequences and numerical reasoning","Finding a sequence rule without overfitting","Practice","Students and everyday problem-solvers","number sequence practice","number series|ratios|arithmetic reasoning","Worked practice set","Beginner","Learn","Connect sequence methods to reliable arithmetic checks. Focus the article on “Finding a sequence rule without overfitting” and include an original example or check.","/test","Try numerical reasoning practice","Yes: formula or worked answer","Editorial check; verify calculations"
"NUM-07","Number sequences and numerical reasoning","Remainders and cycles in repeating number problems","Practice","Students and everyday problem-solvers","number sequence practice","number series|ratios|arithmetic reasoning","Worked practice set","Beginner","Learn","Connect sequence methods to reliable arithmetic checks. Focus the article on “Remainders and cycles in repeating number problems” and include an original example or check.","/test","Try numerical reasoning practice","Yes: formula or worked answer","Editorial check; verify calculations"
"NUM-08","Number sequences and numerical reasoning","Number sequence practice set with step-by-step solutions","Practice","Students and everyday problem-solvers","number sequence practice","number series|ratios|arithmetic reasoning","Worked practice set","Beginner","Learn","Connect sequence methods to reliable arithmetic checks. Focus the article on “Number sequence practice set with step-by-step solutions” and include an original example or check.","/test","Try numerical reasoning practice","Yes: formula or worked answer","Editorial check; verify calculations"
"SPAT-01","Spatial reasoning","Mental rotation: a practical way to track each turn","Practice","Readers who prefer visual or text-described puzzles","spatial reasoning practice","mental rotation|symmetry|cube puzzles","Visual/text explainer","Intermediate","Learn","Translate rotations and shapes into language that also works without images. Focus the article on “Mental rotation: a practical way to track each turn” and include an original example or check.","/test","Try spatial questions","Yes: step-by-step transformation","Accessibility review; describe visuals in text"
"SPAT-02","Spatial reasoning","Cube faces and corner visibility","Practice","Readers who prefer visual or text-described puzzles","spatial reasoning practice","mental rotation|symmetry|cube puzzles","Visual/text explainer","Intermediate","Learn","Translate rotations and shapes into language that also works without images. Focus the article on “Cube faces and corner visibility” and include an original example or check.","/test","Try spatial questions","Yes: step-by-step transformation","Accessibility review; describe visuals in text"
"SPAT-03","Spatial reasoning","Lines of symmetry in unfamiliar shapes","Practice","Readers who prefer visual or text-described puzzles","spatial reasoning practice","mental rotation|symmetry|cube puzzles","Visual/text explainer","Intermediate","Learn","Translate rotations and shapes into language that also works without images. Focus the article on “Lines of symmetry in unfamiliar shapes” and include an original example or check.","/test","Try spatial questions","Yes: step-by-step transformation","Accessibility review; describe visuals in text"
"SPAT-04","Spatial reasoning","Paper-folding questions without a physical model","Practice","Readers who prefer visual or text-described puzzles","spatial reasoning practice","mental rotation|symmetry|cube puzzles","Visual/text explainer","Intermediate","Learn","Translate rotations and shapes into language that also works without images. Focus the article on “Paper-folding questions without a physical model” and include an original example or check.","/test","Try spatial questions","Yes: step-by-step transformation","Accessibility review; describe visuals in text"
"SPAT-05","Spatial reasoning","Nets, folds, and which faces touch","Practice","Readers who prefer visual or text-described puzzles","spatial reasoning practice","mental rotation|symmetry|cube puzzles","Visual/text explainer","Intermediate","Learn","Translate rotations and shapes into language that also works without images. Focus the article on “Nets, folds, and which faces touch” and include an original example or check.","/test","Try spatial questions","Yes: step-by-step transformation","Accessibility review; describe visuals in text"
"SPAT-06","Spatial reasoning","Spatial language: left, right, above, and behind","Practice","Readers who prefer visual or text-described puzzles","spatial reasoning practice","mental rotation|symmetry|cube puzzles","Visual/text explainer","Intermediate","Learn","Translate rotations and shapes into language that also works without images. Focus the article on “Spatial language: left, right, above, and behind” and include an original example or check.","/test","Try spatial questions","Yes: step-by-step transformation","Accessibility review; describe visuals in text"
"SPAT-07","Spatial reasoning","How to break a shape into smaller familiar parts","Practice","Readers who prefer visual or text-described puzzles","spatial reasoning practice","mental rotation|symmetry|cube puzzles","Visual/text explainer","Intermediate","Learn","Translate rotations and shapes into language that also works without images. Focus the article on “How to break a shape into smaller familiar parts” and include an original example or check.","/test","Try spatial questions","Yes: step-by-step transformation","Accessibility review; describe visuals in text"
"SPAT-08","Spatial reasoning","Spatial reasoning practice with text descriptions","Practice","Readers who prefer visual or text-described puzzles","spatial reasoning practice","mental rotation|symmetry|cube puzzles","Visual/text explainer","Intermediate","Learn","Translate rotations and shapes into language that also works without images. Focus the article on “Spatial reasoning practice with text descriptions” and include an original example or check.","/test","Try spatial questions","Yes: step-by-step transformation","Accessibility review; describe visuals in text"
"VER-01","Verbal reasoning","Verbal reasoning when a word is unfamiliar","Practice","Readers working across vocabulary levels","verbal reasoning practice","word relationships|reading evidence|odd one out","Explainer with examples","Beginner","Learn","Use context and evidence rather than obscure vocabulary. Focus the article on “Verbal reasoning when a word is unfamiliar” and include an original example or check.","/test","Practise verbal reasoning","Yes: decision checklist","Language/accessibility review"
"VER-02","Verbal reasoning","Categories, definitions, and the “odd one out”","Practice","Readers working across vocabulary levels","verbal reasoning practice","word relationships|reading evidence|odd one out","Explainer with examples","Beginner","Learn","Use context and evidence rather than obscure vocabulary. Focus the article on “Categories, definitions, and the “odd one out”” and include an original example or check.","/test","Practise verbal reasoning","Yes: decision checklist","Language/accessibility review"
"VER-03","Verbal reasoning","Ordering words by meaning or intensity","Practice","Readers working across vocabulary levels","verbal reasoning practice","word relationships|reading evidence|odd one out","Explainer with examples","Beginner","Learn","Use context and evidence rather than obscure vocabulary. Focus the article on “Ordering words by meaning or intensity” and include an original example or check.","/test","Practise verbal reasoning","Yes: decision checklist","Language/accessibility review"
"VER-04","Verbal reasoning","Reading a short paragraph for evidence","Practice","Readers working across vocabulary levels","verbal reasoning practice","word relationships|reading evidence|odd one out","Explainer with examples","Beginner","Learn","Use context and evidence rather than obscure vocabulary. Focus the article on “Reading a short paragraph for evidence” and include an original example or check.","/test","Practise verbal reasoning","Yes: decision checklist","Language/accessibility review"
"VER-05","Verbal reasoning","Synonyms, antonyms, and relationship clues","Practice","Readers working across vocabulary levels","verbal reasoning practice","word relationships|reading evidence|odd one out","Explainer with examples","Beginner","Learn","Use context and evidence rather than obscure vocabulary. Focus the article on “Synonyms, antonyms, and relationship clues” and include an original example or check.","/test","Practise verbal reasoning","Yes: decision checklist","Language/accessibility review"
"VER-06","Verbal reasoning","How context changes the best verbal answer","Practice","Readers working across vocabulary levels","verbal reasoning practice","word relationships|reading evidence|odd one out","Explainer with examples","Beginner","Learn","Use context and evidence rather than obscure vocabulary. Focus the article on “How context changes the best verbal answer” and include an original example or check.","/test","Practise verbal reasoning","Yes: decision checklist","Language/accessibility review"
"VER-07","Verbal reasoning","Verbal reasoning for multilingual learners","Practice","Readers working across vocabulary levels","verbal reasoning practice","word relationships|reading evidence|odd one out","Explainer with examples","Beginner","Learn","Use context and evidence rather than obscure vocabulary. Focus the article on “Verbal reasoning for multilingual learners” and include an original example or check.","/test","Practise verbal reasoning","Yes: decision checklist","Language/accessibility review"
"VER-08","Verbal reasoning","Verbal reasoning practice with explained choices","Practice","Readers working across vocabulary levels","verbal reasoning practice","word relationships|reading evidence|odd one out","Explainer with examples","Beginner","Learn","Use context and evidence rather than obscure vocabulary. Focus the article on “Verbal reasoning practice with explained choices” and include an original example or check.","/test","Practise verbal reasoning","Yes: decision checklist","Language/accessibility review"
"ANA-01","Analogies","How to solve an analogy by naming the relationship","Practice","Learners practising transfer of relationships","analogy questions","word analogies|part whole|cause effect","Worked example","Beginner","Learn","Name the relationship before comparing the answer choices. Focus the article on “How to solve an analogy by naming the relationship” and include an original example or check.","/test","Try analogy questions","Yes: relationship types","Editorial check; avoid culture-specific assumptions"
"ANA-02","Analogies","Part-to-whole analogies explained","Practice","Learners practising transfer of relationships","analogy questions","word analogies|part whole|cause effect","Worked example","Beginner","Learn","Name the relationship before comparing the answer choices. Focus the article on “Part-to-whole analogies explained” and include an original example or check.","/test","Try analogy questions","Yes: relationship types","Editorial check; avoid culture-specific assumptions"
"ANA-03","Analogies","Tool-to-purpose analogies with everyday objects","Practice","Learners practising transfer of relationships","analogy questions","word analogies|part whole|cause effect","Worked example","Beginner","Learn","Name the relationship before comparing the answer choices. Focus the article on “Tool-to-purpose analogies with everyday objects” and include an original example or check.","/test","Try analogy questions","Yes: relationship types","Editorial check; avoid culture-specific assumptions"
"ANA-04","Analogies","Opposite and contrast analogies","Practice","Learners practising transfer of relationships","analogy questions","word analogies|part whole|cause effect","Worked example","Beginner","Learn","Name the relationship before comparing the answer choices. Focus the article on “Opposite and contrast analogies” and include an original example or check.","/test","Try analogy questions","Yes: relationship types","Editorial check; avoid culture-specific assumptions"
"ANA-05","Analogies","Cause-and-effect analogies","Practice","Learners practising transfer of relationships","analogy questions","word analogies|part whole|cause effect","Worked example","Beginner","Learn","Name the relationship before comparing the answer choices. Focus the article on “Cause-and-effect analogies” and include an original example or check.","/test","Try analogy questions","Yes: relationship types","Editorial check; avoid culture-specific assumptions"
"ANA-06","Analogies","Category analogies that look deceptively similar","Practice","Learners practising transfer of relationships","analogy questions","word analogies|part whole|cause effect","Worked example","Beginner","Learn","Name the relationship before comparing the answer choices. Focus the article on “Category analogies that look deceptively similar” and include an original example or check.","/test","Try analogy questions","Yes: relationship types","Editorial check; avoid culture-specific assumptions"
"ANA-07","Analogies","Analogy questions with two plausible options","Practice","Learners practising transfer of relationships","analogy questions","word analogies|part whole|cause effect","Worked example","Beginner","Learn","Name the relationship before comparing the answer choices. Focus the article on “Analogy questions with two plausible options” and include an original example or check.","/test","Try analogy questions","Yes: relationship types","Editorial check; avoid culture-specific assumptions"
"ANA-08","Analogies","Analogy practice set with step-by-step answers","Practice","Learners practising transfer of relationships","analogy questions","word analogies|part whole|cause effect","Worked example","Beginner","Learn","Name the relationship before comparing the answer choices. Focus the article on “Analogy practice set with step-by-step answers” and include an original example or check.","/test","Try analogy questions","Yes: relationship types","Editorial check; avoid culture-specific assumptions"
"DED-01","Deductive reasoning","Deduction vs assumption: how to tell the difference","Practice","Intermediate puzzle solvers","deductive reasoning puzzles","logic grid|contradiction|necessary conclusion","Deep explainer","Intermediate","Learn","Show why the conclusion follows and which alternatives fail. Focus the article on “Deduction vs assumption: how to tell the difference” and include an original example or check.","/how-it-works","Learn how the test uses reasoning","Yes: proof outline","Editorial review; no unsupported claims"
"DED-02","Deductive reasoning","Building a small logic grid from written clues","Practice","Intermediate puzzle solvers","deductive reasoning puzzles","logic grid|contradiction|necessary conclusion","Deep explainer","Intermediate","Learn","Show why the conclusion follows and which alternatives fail. Focus the article on “Building a small logic grid from written clues” and include an original example or check.","/how-it-works","Learn how the test uses reasoning","Yes: proof outline","Editorial review; no unsupported claims"
"DED-03","Deductive reasoning","What “only if” means in a reasoning puzzle","Practice","Intermediate puzzle solvers","deductive reasoning puzzles","logic grid|contradiction|necessary conclusion","Deep explainer","Intermediate","Learn","Show why the conclusion follows and which alternatives fail. Focus the article on “What “only if” means in a reasoning puzzle” and include an original example or check.","/how-it-works","Learn how the test uses reasoning","Yes: proof outline","Editorial review; no unsupported claims"
"DED-04","Deductive reasoning","How to prove that an answer must follow","Practice","Intermediate puzzle solvers","deductive reasoning puzzles","logic grid|contradiction|necessary conclusion","Deep explainer","Intermediate","Learn","Show why the conclusion follows and which alternatives fail. Focus the article on “How to prove that an answer must follow” and include an original example or check.","/how-it-works","Learn how the test uses reasoning","Yes: proof outline","Editorial review; no unsupported claims"
"DED-05","Deductive reasoning","Using a contradiction to eliminate an option","Practice","Intermediate puzzle solvers","deductive reasoning puzzles","logic grid|contradiction|necessary conclusion","Deep explainer","Intermediate","Learn","Show why the conclusion follows and which alternatives fail. Focus the article on “Using a contradiction to eliminate an option” and include an original example or check.","/how-it-works","Learn how the test uses reasoning","Yes: proof outline","Editorial review; no unsupported claims"
"DED-06","Deductive reasoning","Deductive reasoning with incomplete information","Practice","Intermediate puzzle solvers","deductive reasoning puzzles","logic grid|contradiction|necessary conclusion","Deep explainer","Intermediate","Learn","Show why the conclusion follows and which alternatives fail. Focus the article on “Deductive reasoning with incomplete information” and include an original example or check.","/how-it-works","Learn how the test uses reasoning","Yes: proof outline","Editorial review; no unsupported claims"
"DED-07","Deductive reasoning","Multi-condition deductions without losing track","Practice","Intermediate puzzle solvers","deductive reasoning puzzles","logic grid|contradiction|necessary conclusion","Deep explainer","Intermediate","Learn","Show why the conclusion follows and which alternatives fail. Focus the article on “Multi-condition deductions without losing track” and include an original example or check.","/how-it-works","Learn how the test uses reasoning","Yes: proof outline","Editorial review; no unsupported claims"
"DED-08","Deductive reasoning","A careful deduction puzzle with a full proof","Practice","Intermediate puzzle solvers","deductive reasoning puzzles","logic grid|contradiction|necessary conclusion","Deep explainer","Intermediate","Learn","Show why the conclusion follows and which alternatives fail. Focus the article on “A careful deduction puzzle with a full proof” and include an original example or check.","/how-it-works","Learn how the test uses reasoning","Yes: proof outline","Editorial review; no unsupported claims"
"ORD-01","Ordering and arrangement","Ordering puzzles: turn words into a line","Practice","Readers learning constraints","ordering puzzles","scheduling puzzles|ranking|arrangements","Worked practice set","Intermediate","Learn","Convert before/after and grouping clues into a visible order. Focus the article on “Ordering puzzles: turn words into a line” and include an original example or check.","/test","Try an ordering question","Yes: ordered steps","Editorial check; answer validation"
"ORD-02","Ordering and arrangement","Before, after, and between constraints","Practice","Readers learning constraints","ordering puzzles","scheduling puzzles|ranking|arrangements","Worked practice set","Intermediate","Learn","Convert before/after and grouping clues into a visible order. Focus the article on “Before, after, and between constraints” and include an original example or check.","/test","Try an ordering question","Yes: ordered steps","Editorial check; answer validation"
"ORD-03","Ordering and arrangement","Scheduling four events from simple clues","Practice","Readers learning constraints","ordering puzzles","scheduling puzzles|ranking|arrangements","Worked practice set","Intermediate","Learn","Convert before/after and grouping clues into a visible order. Focus the article on “Scheduling four events from simple clues” and include an original example or check.","/test","Try an ordering question","Yes: ordered steps","Editorial check; answer validation"
"ORD-04","Ordering and arrangement","Ranking problems with ties and unknown gaps","Practice","Readers learning constraints","ordering puzzles","scheduling puzzles|ranking|arrangements","Worked practice set","Intermediate","Learn","Convert before/after and grouping clues into a visible order. Focus the article on “Ranking problems with ties and unknown gaps” and include an original example or check.","/test","Try an ordering question","Yes: ordered steps","Editorial check; answer validation"
"ORD-05","Ordering and arrangement","Circular ordering: what changes from a line","Practice","Readers learning constraints","ordering puzzles","scheduling puzzles|ranking|arrangements","Worked practice set","Intermediate","Learn","Convert before/after and grouping clues into a visible order. Focus the article on “Circular ordering: what changes from a line” and include an original example or check.","/test","Try an ordering question","Yes: ordered steps","Editorial check; answer validation"
"ORD-06","Ordering and arrangement","Grouping and ordering in one puzzle","Practice","Readers learning constraints","ordering puzzles","scheduling puzzles|ranking|arrangements","Worked practice set","Intermediate","Learn","Convert before/after and grouping clues into a visible order. Focus the article on “Grouping and ordering in one puzzle” and include an original example or check.","/test","Try an ordering question","Yes: ordered steps","Editorial check; answer validation"
"ORD-07","Ordering and arrangement","Fast checks for impossible schedules","Practice","Readers learning constraints","ordering puzzles","scheduling puzzles|ranking|arrangements","Worked practice set","Intermediate","Learn","Convert before/after and grouping clues into a visible order. Focus the article on “Fast checks for impossible schedules” and include an original example or check.","/test","Try an ordering question","Yes: ordered steps","Editorial check; answer validation"
"ORD-08","Ordering and arrangement","Ordering practice set with answer explanations","Practice","Readers learning constraints","ordering puzzles","scheduling puzzles|ranking|arrangements","Worked practice set","Intermediate","Learn","Convert before/after and grouping clues into a visible order. Focus the article on “Ordering practice set with answer explanations” and include an original example or check.","/test","Try an ordering question","Yes: ordered steps","Editorial check; answer validation"
"BEG-01","Beginner puzzle explanations","Start with the facts you know","Learning","New puzzle solvers","beginner reasoning puzzles","puzzle strategies|logic for beginners|elimination","Beginner guide","Beginner","Discover","Give a reliable first move for readers who feel stuck. Focus the article on “Start with the facts you know” and include an original example or check.","/docs","Open the quick-start guide","Yes: beginner checklist","Editorial check; examples must be original"
"BEG-02","Beginner puzzle explanations","Draw a timeline before solving","Learning","New puzzle solvers","beginner reasoning puzzles","puzzle strategies|logic for beginners|elimination","Beginner guide","Beginner","Discover","Give a reliable first move for readers who feel stuck. Focus the article on “Draw a timeline before solving” and include an original example or check.","/docs","Open the quick-start guide","Yes: beginner checklist","Editorial check; examples must be original"
"BEG-03","Beginner puzzle explanations","Use elimination without making a leap","Learning","New puzzle solvers","beginner reasoning puzzles","puzzle strategies|logic for beginners|elimination","Beginner guide","Beginner","Discover","Give a reliable first move for readers who feel stuck. Focus the article on “Use elimination without making a leap” and include an original example or check.","/docs","Open the quick-start guide","Yes: beginner checklist","Editorial check; examples must be original"
"BEG-04","Beginner puzzle explanations","Count the choices before choosing one","Learning","New puzzle solvers","beginner reasoning puzzles","puzzle strategies|logic for beginners|elimination","Beginner guide","Beginner","Discover","Give a reliable first move for readers who feel stuck. Focus the article on “Count the choices before choosing one” and include an original example or check.","/docs","Open the quick-start guide","Yes: beginner checklist","Editorial check; examples must be original"
"BEG-05","Beginner puzzle explanations","Re-read the question stem for scope words","Learning","New puzzle solvers","beginner reasoning puzzles","puzzle strategies|logic for beginners|elimination","Beginner guide","Beginner","Discover","Give a reliable first move for readers who feel stuck. Focus the article on “Re-read the question stem for scope words” and include an original example or check.","/docs","Open the quick-start guide","Yes: beginner checklist","Editorial check; examples must be original"
"BEG-06","Beginner puzzle explanations","Work backward from a single target","Learning","New puzzle solvers","beginner reasoning puzzles","puzzle strategies|logic for beginners|elimination","Beginner guide","Beginner","Discover","Give a reliable first move for readers who feel stuck. Focus the article on “Work backward from a single target” and include an original example or check.","/docs","Open the quick-start guide","Yes: beginner checklist","Editorial check; examples must be original"
"BEG-07","Beginner puzzle explanations","Write one sentence for each clue","Learning","New puzzle solvers","beginner reasoning puzzles","puzzle strategies|logic for beginners|elimination","Beginner guide","Beginner","Discover","Give a reliable first move for readers who feel stuck. Focus the article on “Write one sentence for each clue” and include an original example or check.","/docs","Open the quick-start guide","Yes: beginner checklist","Editorial check; examples must be original"
"BEG-08","Beginner puzzle explanations","A beginner's first ten reasoning puzzles","Learning","New puzzle solvers","beginner reasoning puzzles","puzzle strategies|logic for beginners|elimination","Beginner guide","Beginner","Discover","Give a reliable first move for readers who feel stuck. Focus the article on “A beginner's first ten reasoning puzzles” and include an original example or check.","/docs","Open the quick-start guide","Yes: beginner checklist","Editorial check; examples must be original"
"INT-01","Intermediate puzzle explanations","Two-step conditional logic","Learning","Learners ready for multiple constraints","intermediate reasoning puzzles","two-step logic|mixed patterns|constraint puzzles","Deep walkthrough","Intermediate","Learn","Combine two representations and explain each transition. Focus the article on “Two-step conditional logic” and include an original example or check.","/articles/reasoning-categories-explained","Read the worked puzzle guide","Yes: method comparison","Editorial review; solve independently"
"INT-02","Intermediate puzzle explanations","Sequence rules that alternate operations","Learning","Learners ready for multiple constraints","intermediate reasoning puzzles","two-step logic|mixed patterns|constraint puzzles","Deep walkthrough","Intermediate","Learn","Combine two representations and explain each transition. Focus the article on “Sequence rules that alternate operations” and include an original example or check.","/articles/reasoning-categories-explained","Read the worked puzzle guide","Yes: method comparison","Editorial review; solve independently"
"INT-03","Intermediate puzzle explanations","Combining a table with a short paragraph","Learning","Learners ready for multiple constraints","intermediate reasoning puzzles","two-step logic|mixed patterns|constraint puzzles","Deep walkthrough","Intermediate","Learn","Combine two representations and explain each transition. Focus the article on “Combining a table with a short paragraph” and include an original example or check.","/articles/reasoning-categories-explained","Read the worked puzzle guide","Yes: method comparison","Editorial review; solve independently"
"INT-04","Intermediate puzzle explanations","Spatial transformations with two turns","Learning","Learners ready for multiple constraints","intermediate reasoning puzzles","two-step logic|mixed patterns|constraint puzzles","Deep walkthrough","Intermediate","Learn","Combine two representations and explain each transition. Focus the article on “Spatial transformations with two turns” and include an original example or check.","/articles/reasoning-categories-explained","Read the worked puzzle guide","Yes: method comparison","Editorial review; solve independently"
"INT-05","Intermediate puzzle explanations","Analogies with category and function clues","Learning","Learners ready for multiple constraints","intermediate reasoning puzzles","two-step logic|mixed patterns|constraint puzzles","Deep walkthrough","Intermediate","Learn","Combine two representations and explain each transition. Focus the article on “Analogies with category and function clues” and include an original example or check.","/articles/reasoning-categories-explained","Read the worked puzzle guide","Yes: method comparison","Editorial review; solve independently"
"INT-06","Intermediate puzzle explanations","Numerical word problems with hidden units","Learning","Learners ready for multiple constraints","intermediate reasoning puzzles","two-step logic|mixed patterns|constraint puzzles","Deep walkthrough","Intermediate","Learn","Combine two representations and explain each transition. Focus the article on “Numerical word problems with hidden units” and include an original example or check.","/articles/reasoning-categories-explained","Read the worked puzzle guide","Yes: method comparison","Editorial review; solve independently"
"INT-07","Intermediate puzzle explanations","Choosing between two close answer options","Learning","Learners ready for multiple constraints","intermediate reasoning puzzles","two-step logic|mixed patterns|constraint puzzles","Deep walkthrough","Intermediate","Learn","Combine two representations and explain each transition. Focus the article on “Choosing between two close answer options” and include an original example or check.","/articles/reasoning-categories-explained","Read the worked puzzle guide","Yes: method comparison","Editorial review; solve independently"
"INT-08","Intermediate puzzle explanations","Intermediate reasoning practice with full walkthroughs","Learning","Learners ready for multiple constraints","intermediate reasoning puzzles","two-step logic|mixed patterns|constraint puzzles","Deep walkthrough","Intermediate","Learn","Combine two representations and explain each transition. Focus the article on “Intermediate reasoning practice with full walkthroughs” and include an original example or check.","/articles/reasoning-categories-explained","Read the worked puzzle guide","Yes: method comparison","Editorial review; solve independently"
"ADV-01","Advanced puzzle explanations","Proving a multi-constraint logic answer","Learning","Experienced puzzle solvers","advanced logic puzzles","multi-constraint reasoning|proof puzzles|edge cases","Advanced walkthrough","Advanced","Learn","Make advanced deductions auditable instead of relying on trial and error. Focus the article on “Proving a multi-constraint logic answer” and include an original example or check.","/score-guide","Read the score guide for context","Yes: proof or algorithm steps","Editorial review; no claims about intelligence"
"ADV-02","Advanced puzzle explanations","Nested conditions in advanced reasoning","Learning","Experienced puzzle solvers","advanced logic puzzles","multi-constraint reasoning|proof puzzles|edge cases","Advanced walkthrough","Advanced","Learn","Make advanced deductions auditable instead of relying on trial and error. Focus the article on “Nested conditions in advanced reasoning” and include an original example or check.","/score-guide","Read the score guide for context","Yes: proof or algorithm steps","Editorial review; no claims about intelligence"
"ADV-03","Advanced puzzle explanations","Detecting a rule that fails at one edge case","Learning","Experienced puzzle solvers","advanced logic puzzles","multi-constraint reasoning|proof puzzles|edge cases","Advanced walkthrough","Advanced","Learn","Make advanced deductions auditable instead of relying on trial and error. Focus the article on “Detecting a rule that fails at one edge case” and include an original example or check.","/score-guide","Read the score guide for context","Yes: proof or algorithm steps","Editorial review; no claims about intelligence"
"ADV-04","Advanced puzzle explanations","Advanced sequence puzzles with two interacting patterns","Learning","Experienced puzzle solvers","advanced logic puzzles","multi-constraint reasoning|proof puzzles|edge cases","Advanced walkthrough","Advanced","Learn","Make advanced deductions auditable instead of relying on trial and error. Focus the article on “Advanced sequence puzzles with two interacting patterns” and include an original example or check.","/score-guide","Read the score guide for context","Yes: proof or algorithm steps","Editorial review; no claims about intelligence"
"ADV-05","Advanced puzzle explanations","Multi-stage spatial transformations","Learning","Experienced puzzle solvers","advanced logic puzzles","multi-constraint reasoning|proof puzzles|edge cases","Advanced walkthrough","Advanced","Learn","Make advanced deductions auditable instead of relying on trial and error. Focus the article on “Multi-stage spatial transformations” and include an original example or check.","/score-guide","Read the score guide for context","Yes: proof or algorithm steps","Editorial review; no claims about intelligence"
"ADV-06","Advanced puzzle explanations","Deduction when several answers seem possible","Learning","Experienced puzzle solvers","advanced logic puzzles","multi-constraint reasoning|proof puzzles|edge cases","Advanced walkthrough","Advanced","Learn","Make advanced deductions auditable instead of relying on trial and error. Focus the article on “Deduction when several answers seem possible” and include an original example or check.","/score-guide","Read the score guide for context","Yes: proof or algorithm steps","Editorial review; no claims about intelligence"
"ADV-07","Advanced puzzle explanations","Constraint satisfaction without trial and error","Learning","Experienced puzzle solvers","advanced logic puzzles","multi-constraint reasoning|proof puzzles|edge cases","Advanced walkthrough","Advanced","Learn","Make advanced deductions auditable instead of relying on trial and error. Focus the article on “Constraint satisfaction without trial and error” and include an original example or check.","/score-guide","Read the score guide for context","Yes: proof or algorithm steps","Editorial review; no claims about intelligence"
"ADV-08","Advanced puzzle explanations","An advanced mixed reasoning challenge with a proof","Learning","Experienced puzzle solvers","advanced logic puzzles","multi-constraint reasoning|proof puzzles|edge cases","Advanced walkthrough","Advanced","Learn","Make advanced deductions auditable instead of relying on trial and error. Focus the article on “An advanced mixed reasoning challenge with a proof” and include an original example or check.","/score-guide","Read the score guide for context","Yes: proof or algorithm steps","Editorial review; no claims about intelligence"
"WRK-01","Step-by-step worked examples","Worked example: a must-be-true puzzle","Practice","Readers who learn by seeing a solution","worked reasoning examples","step-by-step puzzles|explained answers|reasoning walkthrough","Worked example","Intermediate","Practise","Show a correct path, a tempting wrong path, and a check. Focus the article on “Worked example: a must-be-true puzzle” and include an original example or check.","/articles/reasoning-categories-explained","Study more worked examples","Yes: numbered solution","Editorial check; verify every answer"
"WRK-02","Step-by-step worked examples","Worked example: an alternating number pattern","Practice","Readers who learn by seeing a solution","worked reasoning examples","step-by-step puzzles|explained answers|reasoning walkthrough","Worked example","Intermediate","Practise","Show a correct path, a tempting wrong path, and a check. Focus the article on “Worked example: an alternating number pattern” and include an original example or check.","/articles/reasoning-categories-explained","Study more worked examples","Yes: numbered solution","Editorial check; verify every answer"
"WRK-03","Step-by-step worked examples","Worked example: a ratio and percentage question","Practice","Readers who learn by seeing a solution","worked reasoning examples","step-by-step puzzles|explained answers|reasoning walkthrough","Worked example","Intermediate","Practise","Show a correct path, a tempting wrong path, and a check. Focus the article on “Worked example: a ratio and percentage question” and include an original example or check.","/articles/reasoning-categories-explained","Study more worked examples","Yes: numbered solution","Editorial check; verify every answer"
"WRK-04","Step-by-step worked examples","Worked example: a mental rotation problem","Practice","Readers who learn by seeing a solution","worked reasoning examples","step-by-step puzzles|explained answers|reasoning walkthrough","Worked example","Intermediate","Practise","Show a correct path, a tempting wrong path, and a check. Focus the article on “Worked example: a mental rotation problem” and include an original example or check.","/articles/reasoning-categories-explained","Study more worked examples","Yes: numbered solution","Editorial check; verify every answer"
"WRK-05","Step-by-step worked examples","Worked example: a word analogy","Practice","Readers who learn by seeing a solution","worked reasoning examples","step-by-step puzzles|explained answers|reasoning walkthrough","Worked example","Intermediate","Practise","Show a correct path, a tempting wrong path, and a check. Focus the article on “Worked example: a word analogy” and include an original example or check.","/articles/reasoning-categories-explained","Study more worked examples","Yes: numbered solution","Editorial check; verify every answer"
"WRK-06","Step-by-step worked examples","Worked example: an ordering schedule","Practice","Readers who learn by seeing a solution","worked reasoning examples","step-by-step puzzles|explained answers|reasoning walkthrough","Worked example","Intermediate","Practise","Show a correct path, a tempting wrong path, and a check. Focus the article on “Worked example: an ordering schedule” and include an original example or check.","/articles/reasoning-categories-explained","Study more worked examples","Yes: numbered solution","Editorial check; verify every answer"
"WRK-07","Step-by-step worked examples","Worked example: an error analysis after a wrong answer","Practice","Readers who learn by seeing a solution","worked reasoning examples","step-by-step puzzles|explained answers|reasoning walkthrough","Worked example","Intermediate","Practise","Show a correct path, a tempting wrong path, and a check. Focus the article on “Worked example: an error analysis after a wrong answer” and include an original example or check.","/articles/reasoning-categories-explained","Study more worked examples","Yes: numbered solution","Editorial check; verify every answer"
"WRK-08","Step-by-step worked examples","Worked example: compare two valid solution methods","Practice","Readers who learn by seeing a solution","worked reasoning examples","step-by-step puzzles|explained answers|reasoning walkthrough","Worked example","Intermediate","Practise","Show a correct path, a tempting wrong path, and a check. Focus the article on “Worked example: compare two valid solution methods” and include an original example or check.","/articles/reasoning-categories-explained","Study more worked examples","Yes: numbered solution","Editorial check; verify every answer"
"MIS-01","Common reasoning mistakes","Reading too quickly: the most common reasoning error","Learning","Readers reviewing wrong answers","common reasoning mistakes","test mistakes|careless errors|puzzle review","Diagnostic guide","Beginner","Learn","Turn a specific mistake into a repeatable checking habit. Focus the article on “Reading too quickly: the most common reasoning error” and include an original example or check.","/score-guide","Use the score guide to review","Yes: mistake and fix table","Editorial check; avoid blame"
"MIS-02","Common reasoning mistakes","Choosing a pattern before checking all terms","Learning","Readers reviewing wrong answers","common reasoning mistakes","test mistakes|careless errors|puzzle review","Diagnostic guide","Beginner","Learn","Turn a specific mistake into a repeatable checking habit. Focus the article on “Choosing a pattern before checking all terms” and include an original example or check.","/score-guide","Use the score guide to review","Yes: mistake and fix table","Editorial check; avoid blame"
"MIS-03","Common reasoning mistakes","Confusing “could” with “must”","Learning","Readers reviewing wrong answers","common reasoning mistakes","test mistakes|careless errors|puzzle review","Diagnostic guide","Beginner","Learn","Turn a specific mistake into a repeatable checking habit. Focus the article on “Confusing “could” with “must”” and include an original example or check.","/score-guide","Use the score guide to review","Yes: mistake and fix table","Editorial check; avoid blame"
"MIS-04","Common reasoning mistakes","Doing arithmetic in your head without a check","Learning","Readers reviewing wrong answers","common reasoning mistakes","test mistakes|careless errors|puzzle review","Diagnostic guide","Beginner","Learn","Turn a specific mistake into a repeatable checking habit. Focus the article on “Doing arithmetic in your head without a check” and include an original example or check.","/score-guide","Use the score guide to review","Yes: mistake and fix table","Editorial check; avoid blame"
"MIS-05","Common reasoning mistakes","Rotating the wrong object in a spatial puzzle","Learning","Readers reviewing wrong answers","common reasoning mistakes","test mistakes|careless errors|puzzle review","Diagnostic guide","Beginner","Learn","Turn a specific mistake into a repeatable checking habit. Focus the article on “Rotating the wrong object in a spatial puzzle” and include an original example or check.","/score-guide","Use the score guide to review","Yes: mistake and fix table","Editorial check; avoid blame"
"MIS-06","Common reasoning mistakes","Letting a familiar word bias a verbal answer","Learning","Readers reviewing wrong answers","common reasoning mistakes","test mistakes|careless errors|puzzle review","Diagnostic guide","Beginner","Learn","Turn a specific mistake into a repeatable checking habit. Focus the article on “Letting a familiar word bias a verbal answer” and include an original example or check.","/score-guide","Use the score guide to review","Yes: mistake and fix table","Editorial check; avoid blame"
"MIS-07","Common reasoning mistakes","Changing a correct answer without new evidence","Learning","Readers reviewing wrong answers","common reasoning mistakes","test mistakes|careless errors|puzzle review","Diagnostic guide","Beginner","Learn","Turn a specific mistake into a repeatable checking habit. Focus the article on “Changing a correct answer without new evidence” and include an original example or check.","/score-guide","Use the score guide to review","Yes: mistake and fix table","Editorial check; avoid blame"
"MIS-08","Common reasoning mistakes","How to review a wrong answer productively","Learning","Readers reviewing wrong answers","common reasoning mistakes","test mistakes|careless errors|puzzle review","Diagnostic guide","Beginner","Learn","Turn a specific mistake into a repeatable checking habit. Focus the article on “How to review a wrong answer productively” and include an original example or check.","/score-guide","Use the score guide to review","Yes: mistake and fix table","Editorial check; avoid blame"
"SOL-01","Problem-solving methods","A repeatable five-step problem-solving loop","Learning","Students and self-directed learners","problem solving strategies","reasoning methods|puzzle strategy|critical thinking practice","Method guide","Intermediate","Learn","Choose a representation and a checking method deliberately. Focus the article on “A repeatable five-step problem-solving loop” and include an original example or check.","/how-it-works","See the full reasoning flow","Yes: five-step method","Editorial review; cite only factual claims"
"SOL-02","Problem-solving methods","How to choose a representation for a puzzle","Learning","Students and self-directed learners","problem solving strategies","reasoning methods|puzzle strategy|critical thinking practice","Method guide","Intermediate","Learn","Choose a representation and a checking method deliberately. Focus the article on “How to choose a representation for a puzzle” and include an original example or check.","/how-it-works","See the full reasoning flow","Yes: five-step method","Editorial review; cite only factual claims"
"SOL-03","Problem-solving methods","When a table is better than a paragraph","Learning","Students and self-directed learners","problem solving strategies","reasoning methods|puzzle strategy|critical thinking practice","Method guide","Intermediate","Learn","Choose a representation and a checking method deliberately. Focus the article on “When a table is better than a paragraph” and include an original example or check.","/how-it-works","See the full reasoning flow","Yes: five-step method","Editorial review; cite only factual claims"
"SOL-04","Problem-solving methods","Estimation as a check, not a guess","Learning","Students and self-directed learners","problem solving strategies","reasoning methods|puzzle strategy|critical thinking practice","Method guide","Intermediate","Learn","Choose a representation and a checking method deliberately. Focus the article on “Estimation as a check, not a guess” and include an original example or check.","/how-it-works","See the full reasoning flow","Yes: five-step method","Editorial review; cite only factual claims"
"SOL-05","Problem-solving methods","Break a hard problem into smaller claims","Learning","Students and self-directed learners","problem solving strategies","reasoning methods|puzzle strategy|critical thinking practice","Method guide","Intermediate","Learn","Choose a representation and a checking method deliberately. Focus the article on “Break a hard problem into smaller claims” and include an original example or check.","/how-it-works","See the full reasoning flow","Yes: five-step method","Editorial review; cite only factual claims"
"SOL-06","Problem-solving methods","Compare strategies by reliability","Learning","Students and self-directed learners","problem solving strategies","reasoning methods|puzzle strategy|critical thinking practice","Method guide","Intermediate","Learn","Choose a representation and a checking method deliberately. Focus the article on “Compare strategies by reliability” and include an original example or check.","/how-it-works","See the full reasoning flow","Yes: five-step method","Editorial review; cite only factual claims"
"SOL-07","Problem-solving methods","How to explain your solution so another person can check it","Learning","Students and self-directed learners","problem solving strategies","reasoning methods|puzzle strategy|critical thinking practice","Method guide","Intermediate","Learn","Choose a representation and a checking method deliberately. Focus the article on “How to explain your solution so another person can check it” and include an original example or check.","/how-it-works","See the full reasoning flow","Yes: five-step method","Editorial review; cite only factual claims"
"SOL-08","Problem-solving methods","From stuck to started: prompts that unblock reasoning","Learning","Students and self-directed learners","problem solving strategies","reasoning methods|puzzle strategy|critical thinking practice","Method guide","Intermediate","Learn","Choose a representation and a checking method deliberately. Focus the article on “From stuck to started: prompts that unblock reasoning” and include an original example or check.","/how-it-works","See the full reasoning flow","Yes: five-step method","Editorial review; cite only factual claims"
"PRE-01","Preparing for reasoning tests","A fair ten-minute reasoning test routine","Practical","People preparing for a fair attempt","how to prepare for a reasoning test","test preparation|practice routine|calm test setup","Practical guide","Beginner","Practise","Improve preparation and familiarity without promising a higher IQ. Focus the article on “A fair ten-minute reasoning test routine” and include an original example or check.","/articles/how-to-prepare-for-reasoning-test","Read the preparation guide","Yes: preparation checklist","Review health/accessibility wording"
"PRE-02","Preparing for reasoning tests","How to practise without memorising answers","Practical","People preparing for a fair attempt","how to prepare for a reasoning test","test preparation|practice routine|calm test setup","Practical guide","Beginner","Practise","Improve preparation and familiarity without promising a higher IQ. Focus the article on “How to practise without memorising answers” and include an original example or check.","/articles/how-to-prepare-for-reasoning-test","Read the preparation guide","Yes: preparation checklist","Review health/accessibility wording"
"PRE-03","Preparing for reasoning tests","Set up a quiet and accessible test environment","Practical","People preparing for a fair attempt","how to prepare for a reasoning test","test preparation|practice routine|calm test setup","Practical guide","Beginner","Practise","Improve preparation and familiarity without promising a higher IQ. Focus the article on “Set up a quiet and accessible test environment” and include an original example or check.","/articles/how-to-prepare-for-reasoning-test","Read the preparation guide","Yes: preparation checklist","Review health/accessibility wording"
"PRE-04","Preparing for reasoning tests","What to do when a question feels ambiguous","Practical","People preparing for a fair attempt","how to prepare for a reasoning test","test preparation|practice routine|calm test setup","Practical guide","Beginner","Practise","Improve preparation and familiarity without promising a higher IQ. Focus the article on “What to do when a question feels ambiguous” and include an original example or check.","/articles/how-to-prepare-for-reasoning-test","Read the preparation guide","Yes: preparation checklist","Review health/accessibility wording"
"PRE-05","Preparing for reasoning tests","How to pace fifteen questions without rushing","Practical","People preparing for a fair attempt","how to prepare for a reasoning test","test preparation|practice routine|calm test setup","Practical guide","Beginner","Practise","Improve preparation and familiarity without promising a higher IQ. Focus the article on “How to pace fifteen questions without rushing” and include an original example or check.","/articles/how-to-prepare-for-reasoning-test","Read the preparation guide","Yes: preparation checklist","Review health/accessibility wording"
"PRE-06","Preparing for reasoning tests","A review plan for the day after a test","Practical","People preparing for a fair attempt","how to prepare for a reasoning test","test preparation|practice routine|calm test setup","Practical guide","Beginner","Practise","Improve preparation and familiarity without promising a higher IQ. Focus the article on “A review plan for the day after a test” and include an original example or check.","/articles/how-to-prepare-for-reasoning-test","Read the preparation guide","Yes: preparation checklist","Review health/accessibility wording"
"PRE-07","Preparing for reasoning tests","Preparing for a reasoning test in a second language","Practical","People preparing for a fair attempt","how to prepare for a reasoning test","test preparation|practice routine|calm test setup","Practical guide","Beginner","Practise","Improve preparation and familiarity without promising a higher IQ. Focus the article on “Preparing for a reasoning test in a second language” and include an original example or check.","/articles/how-to-prepare-for-reasoning-test","Read the preparation guide","Yes: preparation checklist","Review health/accessibility wording"
"PRE-08","Preparing for reasoning tests","A checklist for a calm first attempt","Practical","People preparing for a fair attempt","how to prepare for a reasoning test","test preparation|practice routine|calm test setup","Practical guide","Beginner","Practise","Improve preparation and familiarity without promising a higher IQ. Focus the article on “A checklist for a calm first attempt” and include an original example or check.","/articles/how-to-prepare-for-reasoning-test","Read the preparation guide","Yes: preparation checklist","Review health/accessibility wording"
"BTR-01","Brain-training activities","Brain-training activities that practise pattern noticing","Activities","Readers seeking low-pressure practice","reasoning practice activities","brain games|paper puzzles|daily practice","Activity guide","Beginner","Return","Name the reasoning skill an activity practises without claiming brain gains. Focus the article on “Brain-training activities that practise pattern noticing” and include an original example or check.","/articles","Browse reasoning articles","Yes: activity instructions","Source review for cognitive claims"
"BTR-02","Brain-training activities","A paper-and-pencil logic habit for five minutes","Activities","Readers seeking low-pressure practice","reasoning practice activities","brain games|paper puzzles|daily practice","Activity guide","Beginner","Return","Name the reasoning skill an activity practises without claiming brain gains. Focus the article on “A paper-and-pencil logic habit for five minutes” and include an original example or check.","/articles","Browse reasoning articles","Yes: activity instructions","Source review for cognitive claims"
"BTR-03","Brain-training activities","Number games that reinforce flexible calculation","Activities","Readers seeking low-pressure practice","reasoning practice activities","brain games|paper puzzles|daily practice","Activity guide","Beginner","Return","Name the reasoning skill an activity practises without claiming brain gains. Focus the article on “Number games that reinforce flexible calculation” and include an original example or check.","/articles","Browse reasoning articles","Yes: activity instructions","Source review for cognitive claims"
"BTR-04","Brain-training activities","Spatial sketching exercises with household objects","Activities","Readers seeking low-pressure practice","reasoning practice activities","brain games|paper puzzles|daily practice","Activity guide","Beginner","Return","Name the reasoning skill an activity practises without claiming brain gains. Focus the article on “Spatial sketching exercises with household objects” and include an original example or check.","/articles","Browse reasoning articles","Yes: activity instructions","Source review for cognitive claims"
"BTR-05","Brain-training activities","Explain-the-rule games for pairs","Activities","Readers seeking low-pressure practice","reasoning practice activities","brain games|paper puzzles|daily practice","Activity guide","Beginner","Return","Name the reasoning skill an activity practises without claiming brain gains. Focus the article on “Explain-the-rule games for pairs” and include an original example or check.","/articles","Browse reasoning articles","Yes: activity instructions","Source review for cognitive claims"
"BTR-06","Brain-training activities","Memory and reasoning: what each activity actually practises","Activities","Readers seeking low-pressure practice","reasoning practice activities","brain games|paper puzzles|daily practice","Activity guide","Beginner","Return","Name the reasoning skill an activity practises without claiming brain gains. Focus the article on “Memory and reasoning: what each activity actually practises” and include an original example or check.","/articles","Browse reasoning articles","Yes: activity instructions","Source review for cognitive claims"
"BTR-07","Brain-training activities","Turn a daily observation into a mini puzzle","Activities","Readers seeking low-pressure practice","reasoning practice activities","brain games|paper puzzles|daily practice","Activity guide","Beginner","Return","Name the reasoning skill an activity practises without claiming brain gains. Focus the article on “Turn a daily observation into a mini puzzle” and include an original example or check.","/articles","Browse reasoning articles","Yes: activity instructions","Source review for cognitive claims"
"BTR-08","Brain-training activities","A weekly reasoning practice routine without apps","Activities","Readers seeking low-pressure practice","reasoning practice activities","brain games|paper puzzles|daily practice","Activity guide","Beginner","Return","Name the reasoning skill an activity practises without claiming brain gains. Focus the article on “A weekly reasoning practice routine without apps” and include an original example or check.","/articles","Browse reasoning articles","Yes: activity instructions","Source review for cognitive claims"
"FOC-01","Sleep, focus, language, and test conditions","How sleep and attention can shape a short test session","Responsible testing","Readers interpreting a result fairly","factors affecting test performance","focus and reasoning|language familiarity|accessible testing","Evidence-aware guide","Beginner","Learn","Explain conditions that can influence one short attempt without diagnosing anyone. Focus the article on “How sleep and attention can shape a short test session” and include an original example or check.","/score-guide","Read how to interpret a result","Yes: conditions checklist","Primary-source review for factual claims"
"FOC-02","Sleep, focus, language, and test conditions","Focus resets between reasoning questions","Responsible testing","Readers interpreting a result fairly","factors affecting test performance","focus and reasoning|language familiarity|accessible testing","Evidence-aware guide","Beginner","Learn","Explain conditions that can influence one short attempt without diagnosing anyone. Focus the article on “Focus resets between reasoning questions” and include an original example or check.","/score-guide","Read how to interpret a result","Yes: conditions checklist","Primary-source review for factual claims"
"FOC-03","Sleep, focus, language, and test conditions","Language familiarity and fair interpretation","Responsible testing","Readers interpreting a result fairly","factors affecting test performance","focus and reasoning|language familiarity|accessible testing","Evidence-aware guide","Beginner","Learn","Explain conditions that can influence one short attempt without diagnosing anyone. Focus the article on “Language familiarity and fair interpretation” and include an original example or check.","/score-guide","Read how to interpret a result","Yes: conditions checklist","Primary-source review for factual claims"
"FOC-04","Sleep, focus, language, and test conditions","Why practice familiarity changes later attempts","Responsible testing","Readers interpreting a result fairly","factors affecting test performance","focus and reasoning|language familiarity|accessible testing","Evidence-aware guide","Beginner","Learn","Explain conditions that can influence one short attempt without diagnosing anyone. Focus the article on “Why practice familiarity changes later attempts” and include an original example or check.","/score-guide","Read how to interpret a result","Yes: conditions checklist","Primary-source review for factual claims"
"FOC-05","Sleep, focus, language, and test conditions","Accessibility adjustments that support a fair attempt","Responsible testing","Readers interpreting a result fairly","factors affecting test performance","focus and reasoning|language familiarity|accessible testing","Evidence-aware guide","Beginner","Learn","Explain conditions that can influence one short attempt without diagnosing anyone. Focus the article on “Accessibility adjustments that support a fair attempt” and include an original example or check.","/score-guide","Read how to interpret a result","Yes: conditions checklist","Primary-source review for factual claims"
"FOC-06","Sleep, focus, language, and test conditions","Stress, time pressure, and careful reading","Responsible testing","Readers interpreting a result fairly","factors affecting test performance","focus and reasoning|language familiarity|accessible testing","Evidence-aware guide","Beginner","Learn","Explain conditions that can influence one short attempt without diagnosing anyone. Focus the article on “Stress, time pressure, and careful reading” and include an original example or check.","/score-guide","Read how to interpret a result","Yes: conditions checklist","Primary-source review for factual claims"
"FOC-07","Sleep, focus, language, and test conditions","How to record test conditions with your result","Responsible testing","Readers interpreting a result fairly","factors affecting test performance","focus and reasoning|language familiarity|accessible testing","Evidence-aware guide","Beginner","Learn","Explain conditions that can influence one short attempt without diagnosing anyone. Focus the article on “How to record test conditions with your result” and include an original example or check.","/score-guide","Read how to interpret a result","Yes: conditions checklist","Primary-source review for factual claims"
"FOC-08","Sleep, focus, language, and test conditions","When to pause and return to a practice session","Responsible testing","Readers interpreting a result fairly","factors affecting test performance","focus and reasoning|language familiarity|accessible testing","Evidence-aware guide","Beginner","Learn","Explain conditions that can influence one short attempt without diagnosing anyone. Focus the article on “When to pause and return to a practice session” and include an original example or check.","/score-guide","Read how to interpret a result","Yes: conditions checklist","Primary-source review for factual claims"
"SCO-01","Understanding estimated scores","Estimated IQ, percentile, and accuracy: what each means","Score literacy","Readers with a completed result","estimated IQ score explained","percentile meaning|accuracy|score interpretation","Score guide","Beginner","Learn","Use the site's transparent model and keep the number in context. Focus the article on “Estimated IQ, percentile, and accuracy: what each means” and include an original example or check.","/score-guide","Open the IQTestReal score guide","Yes: term definitions","Editorial and formula check"
"SCO-02","Understanding estimated scores","Why a percentile is not a permanent ranking","Score literacy","Readers with a completed result","estimated IQ score explained","percentile meaning|accuracy|score interpretation","Score guide","Beginner","Learn","Use the site's transparent model and keep the number in context. Focus the article on “Why a percentile is not a permanent ranking” and include an original example or check.","/score-guide","Open the IQTestReal score guide","Yes: term definitions","Editorial and formula check"
"SCO-03","Understanding estimated scores","How IQTestReal maps accuracy to an estimate","Score literacy","Readers with a completed result","estimated IQ score explained","percentile meaning|accuracy|score interpretation","Score guide","Beginner","Learn","Use the site's transparent model and keep the number in context. Focus the article on “How IQTestReal maps accuracy to an estimate” and include an original example or check.","/score-guide","Open the IQTestReal score guide","Yes: term definitions","Editorial and formula check"
"SCO-04","Understanding estimated scores","Category strengths with only a few questions","Score literacy","Readers with a completed result","estimated IQ score explained","percentile meaning|accuracy|score interpretation","Score guide","Beginner","Learn","Use the site's transparent model and keep the number in context. Focus the article on “Category strengths with only a few questions” and include an original example or check.","/score-guide","Open the IQTestReal score guide","Yes: term definitions","Editorial and formula check"
"SCO-05","Understanding estimated scores","Why two attempts can produce different results","Score literacy","Readers with a completed result","estimated IQ score explained","percentile meaning|accuracy|score interpretation","Score guide","Beginner","Learn","Use the site's transparent model and keep the number in context. Focus the article on “Why two attempts can produce different results” and include an original example or check.","/score-guide","Open the IQTestReal score guide","Yes: term definitions","Editorial and formula check"
"SCO-06","Understanding estimated scores","Reading explanations instead of chasing a higher number","Score literacy","Readers with a completed result","estimated IQ score explained","percentile meaning|accuracy|score interpretation","Score guide","Beginner","Learn","Use the site's transparent model and keep the number in context. Focus the article on “Reading explanations instead of chasing a higher number” and include an original example or check.","/score-guide","Open the IQTestReal score guide","Yes: term definitions","Editorial and formula check"
"SCO-07","Understanding estimated scores","What an online reasoning score cannot tell you","Score literacy","Readers with a completed result","estimated IQ score explained","percentile meaning|accuracy|score interpretation","Score guide","Beginner","Learn","Use the site's transparent model and keep the number in context. Focus the article on “What an online reasoning score cannot tell you” and include an original example or check.","/score-guide","Open the IQTestReal score guide","Yes: term definitions","Editorial and formula check"
"SCO-08","Understanding estimated scores","A responsible result-review worksheet","Score literacy","Readers with a completed result","estimated IQ score explained","percentile meaning|accuracy|score interpretation","Score guide","Beginner","Learn","Use the site's transparent model and keep the number in context. Focus the article on “A responsible result-review worksheet” and include an original example or check.","/score-guide","Open the IQTestReal score guide","Yes: term definitions","Editorial and formula check"
"MYT-01","IQ myths and misconceptions","Myth: one short test defines intelligence","Responsible testing","Readers exposed to score hype","IQ test myths","intelligence myths|online score limits|IQ misconceptions","Myth-versus-fact","Beginner","Discover","Replace a catchy myth with a precise, non-clinical explanation. Focus the article on “Myth: one short test defines intelligence” and include an original example or check.","/disclaimer","Read the assessment disclaimer","Yes: myth/answer format","Source each research claim"
"MYT-02","IQ myths and misconceptions","Myth: faster answers always mean better reasoning","Responsible testing","Readers exposed to score hype","IQ test myths","intelligence myths|online score limits|IQ misconceptions","Myth-versus-fact","Beginner","Discover","Replace a catchy myth with a precise, non-clinical explanation. Focus the article on “Myth: faster answers always mean better reasoning” and include an original example or check.","/disclaimer","Read the assessment disclaimer","Yes: myth/answer format","Source each research claim"
"MYT-03","IQ myths and misconceptions","Myth: practising guarantees a higher IQ","Responsible testing","Readers exposed to score hype","IQ test myths","intelligence myths|online score limits|IQ misconceptions","Myth-versus-fact","Beginner","Discover","Replace a catchy myth with a precise, non-clinical explanation. Focus the article on “Myth: practising guarantees a higher IQ” and include an original example or check.","/disclaimer","Read the assessment disclaimer","Yes: myth/answer format","Source each research claim"
"MYT-04","IQ myths and misconceptions","Myth: an exact online score is clinical evidence","Responsible testing","Readers exposed to score hype","IQ test myths","intelligence myths|online score limits|IQ misconceptions","Myth-versus-fact","Beginner","Discover","Replace a catchy myth with a precise, non-clinical explanation. Focus the article on “Myth: an exact online score is clinical evidence” and include an original example or check.","/disclaimer","Read the assessment disclaimer","Yes: myth/answer format","Source each research claim"
"MYT-05","IQ myths and misconceptions","Myth: one category measures every kind of thinking","Responsible testing","Readers exposed to score hype","IQ test myths","intelligence myths|online score limits|IQ misconceptions","Myth-versus-fact","Beginner","Discover","Replace a catchy myth with a precise, non-clinical explanation. Focus the article on “Myth: one category measures every kind of thinking” and include an original example or check.","/disclaimer","Read the assessment disclaimer","Yes: myth/answer format","Source each research claim"
"MYT-06","IQ myths and misconceptions","Myth: a difficult question is always a better question","Responsible testing","Readers exposed to score hype","IQ test myths","intelligence myths|online score limits|IQ misconceptions","Myth-versus-fact","Beginner","Discover","Replace a catchy myth with a precise, non-clinical explanation. Focus the article on “Myth: a difficult question is always a better question” and include an original example or check.","/disclaimer","Read the assessment disclaimer","Yes: myth/answer format","Source each research claim"
"MYT-07","IQ myths and misconceptions","Myth: percentile means the same thing on every test","Responsible testing","Readers exposed to score hype","IQ test myths","intelligence myths|online score limits|IQ misconceptions","Myth-versus-fact","Beginner","Discover","Replace a catchy myth with a precise, non-clinical explanation. Focus the article on “Myth: percentile means the same thing on every test” and include an original example or check.","/disclaimer","Read the assessment disclaimer","Yes: myth/answer format","Source each research claim"
"MYT-08","IQ myths and misconceptions","How to talk about IQ-style scores without hype","Responsible testing","Readers exposed to score hype","IQ test myths","intelligence myths|online score limits|IQ misconceptions","Myth-versus-fact","Beginner","Discover","Replace a catchy myth with a precise, non-clinical explanation. Focus the article on “How to talk about IQ-style scores without hype” and include an original example or check.","/disclaimer","Read the assessment disclaimer","Yes: myth/answer format","Source each research claim"
"EDU-01","Student and teacher practice resources","A five-minute logic warm-up for a classroom","Education","Teachers, tutors, and students","reasoning practice for students","classroom puzzles|teacher worksheet|student reflection","Classroom resource","Beginner","Practise","Make the reasoning process discussable and accessible in a group. Focus the article on “A five-minute logic warm-up for a classroom” and include an original example or check.","/contact","Send feedback about the resource","Yes: printable steps or checklist","Education review; cite curriculum claims"
"EDU-02","Student and teacher practice resources","Teaching patterns by asking “what changes?”","Education","Teachers, tutors, and students","reasoning practice for students","classroom puzzles|teacher worksheet|student reflection","Classroom resource","Beginner","Practise","Make the reasoning process discussable and accessible in a group. Focus the article on “Teaching patterns by asking “what changes?”” and include an original example or check.","/contact","Send feedback about the resource","Yes: printable steps or checklist","Education review; cite curriculum claims"
"EDU-03","Student and teacher practice resources","A printable-style number sequence lesson","Education","Teachers, tutors, and students","reasoning practice for students","classroom puzzles|teacher worksheet|student reflection","Classroom resource","Beginner","Practise","Make the reasoning process discussable and accessible in a group. Focus the article on “A printable-style number sequence lesson” and include an original example or check.","/contact","Send feedback about the resource","Yes: printable steps or checklist","Education review; cite curriculum claims"
"EDU-04","Student and teacher practice resources","Pair discussion prompts for spatial reasoning","Education","Teachers, tutors, and students","reasoning practice for students","classroom puzzles|teacher worksheet|student reflection","Classroom resource","Beginner","Practise","Make the reasoning process discussable and accessible in a group. Focus the article on “Pair discussion prompts for spatial reasoning” and include an original example or check.","/contact","Send feedback about the resource","Yes: printable steps or checklist","Education review; cite curriculum claims"
"EDU-05","Student and teacher practice resources","Using analogies to practise transfer of relationships","Education","Teachers, tutors, and students","reasoning practice for students","classroom puzzles|teacher worksheet|student reflection","Classroom resource","Beginner","Practise","Make the reasoning process discussable and accessible in a group. Focus the article on “Using analogies to practise transfer of relationships” and include an original example or check.","/contact","Send feedback about the resource","Yes: printable steps or checklist","Education review; cite curriculum claims"
"EDU-06","Student and teacher practice resources","How to explain a wrong answer without embarrassment","Education","Teachers, tutors, and students","reasoning practice for students","classroom puzzles|teacher worksheet|student reflection","Classroom resource","Beginner","Practise","Make the reasoning process discussable and accessible in a group. Focus the article on “How to explain a wrong answer without embarrassment” and include an original example or check.","/contact","Send feedback about the resource","Yes: printable steps or checklist","Education review; cite curriculum claims"
"EDU-07","Student and teacher practice resources","A teacher checklist for evaluating online practice","Education","Teachers, tutors, and students","reasoning practice for students","classroom puzzles|teacher worksheet|student reflection","Classroom resource","Beginner","Practise","Make the reasoning process discussable and accessible in a group. Focus the article on “A teacher checklist for evaluating online practice” and include an original example or check.","/contact","Send feedback about the resource","Yes: printable steps or checklist","Education review; cite curriculum claims"
"EDU-08","Student and teacher practice resources","A student reflection sheet after a reasoning activity","Education","Teachers, tutors, and students","reasoning practice for students","classroom puzzles|teacher worksheet|student reflection","Classroom resource","Beginner","Practise","Make the reasoning process discussable and accessible in a group. Focus the article on “A student reflection sheet after a reasoning activity” and include an original example or check.","/contact","Send feedback about the resource","Yes: printable steps or checklist","Education review; cite curriculum claims"
"DAI-01","Daily reasoning challenges","Daily challenge: what must be true?","Engagement","Returning readers","daily reasoning challenge","quick logic puzzle|daily pattern|one-minute puzzle","Interactive challenge","Beginner","Return","Keep each challenge self-contained with an explanation, not a teaser. Focus the article on “Daily challenge: what must be true?” and include an original example or check.","/test","Try a fresh randomized test","Yes: answer reveal","Editorial check; no clickbait"
"DAI-02","Daily reasoning challenges","Daily challenge: find the changing rule","Engagement","Returning readers","daily reasoning challenge","quick logic puzzle|daily pattern|one-minute puzzle","Interactive challenge","Beginner","Return","Keep each challenge self-contained with an explanation, not a teaser. Focus the article on “Daily challenge: find the changing rule” and include an original example or check.","/test","Try a fresh randomized test","Yes: answer reveal","Editorial check; no clickbait"
"DAI-03","Daily reasoning challenges","Daily challenge: estimate before calculating","Engagement","Returning readers","daily reasoning challenge","quick logic puzzle|daily pattern|one-minute puzzle","Interactive challenge","Beginner","Return","Keep each challenge self-contained with an explanation, not a teaser. Focus the article on “Daily challenge: estimate before calculating” and include an original example or check.","/test","Try a fresh randomized test","Yes: answer reveal","Editorial check; no clickbait"
"DAI-04","Daily reasoning challenges","Daily challenge: rotate the arrow","Engagement","Returning readers","daily reasoning challenge","quick logic puzzle|daily pattern|one-minute puzzle","Interactive challenge","Beginner","Return","Keep each challenge self-contained with an explanation, not a teaser. Focus the article on “Daily challenge: rotate the arrow” and include an original example or check.","/test","Try a fresh randomized test","Yes: answer reveal","Editorial check; no clickbait"
"DAI-05","Daily reasoning challenges","Daily challenge: choose the closest analogy","Engagement","Returning readers","daily reasoning challenge","quick logic puzzle|daily pattern|one-minute puzzle","Interactive challenge","Beginner","Return","Keep each challenge self-contained with an explanation, not a teaser. Focus the article on “Daily challenge: choose the closest analogy” and include an original example or check.","/test","Try a fresh randomized test","Yes: answer reveal","Editorial check; no clickbait"
"DAI-06","Daily reasoning challenges","Daily challenge: schedule three tasks","Engagement","Returning readers","daily reasoning challenge","quick logic puzzle|daily pattern|one-minute puzzle","Interactive challenge","Beginner","Return","Keep each challenge self-contained with an explanation, not a teaser. Focus the article on “Daily challenge: schedule three tasks” and include an original example or check.","/test","Try a fresh randomized test","Yes: answer reveal","Editorial check; no clickbait"
"DAI-07","Daily reasoning challenges","Daily challenge: spot the unsupported conclusion","Engagement","Returning readers","daily reasoning challenge","quick logic puzzle|daily pattern|one-minute puzzle","Interactive challenge","Beginner","Return","Keep each challenge self-contained with an explanation, not a teaser. Focus the article on “Daily challenge: spot the unsupported conclusion” and include an original example or check.","/test","Try a fresh randomized test","Yes: answer reveal","Editorial check; no clickbait"
"DAI-08","Daily reasoning challenges","Daily challenge: explain your answer in one sentence","Engagement","Returning readers","daily reasoning challenge","quick logic puzzle|daily pattern|one-minute puzzle","Interactive challenge","Beginner","Return","Keep each challenge self-contained with an explanation, not a teaser. Focus the article on “Daily challenge: explain your answer in one sentence” and include an original example or check.","/test","Try a fresh randomized test","Yes: answer reveal","Editorial check; no clickbait"
"FAM-01","Family-friendly puzzles","A family-friendly logic puzzle with no special materials","Education","Families and mixed-age groups","family logic puzzles","screen-free puzzles|family reasoning games|kids logic","Activity guide","Beginner","Discover","Offer cooperative activities with multiple ways to explain an answer. Focus the article on “A family-friendly logic puzzle with no special materials” and include an original example or check.","/articles","Explore more guides","Yes: materials and steps","Safety/accessibility review"
"FAM-02","Family-friendly puzzles","A kitchen measurement reasoning game","Education","Families and mixed-age groups","family logic puzzles","screen-free puzzles|family reasoning games|kids logic","Activity guide","Beginner","Discover","Offer cooperative activities with multiple ways to explain an answer. Focus the article on “A kitchen measurement reasoning game” and include an original example or check.","/articles","Explore more guides","Yes: materials and steps","Safety/accessibility review"
"FAM-03","Family-friendly puzzles","A walk-and-notice pattern challenge","Education","Families and mixed-age groups","family logic puzzles","screen-free puzzles|family reasoning games|kids logic","Activity guide","Beginner","Discover","Offer cooperative activities with multiple ways to explain an answer. Focus the article on “A walk-and-notice pattern challenge” and include an original example or check.","/articles","Explore more guides","Yes: materials and steps","Safety/accessibility review"
"FAM-04","Family-friendly puzzles","A card-free ordering puzzle for two people","Education","Families and mixed-age groups","family logic puzzles","screen-free puzzles|family reasoning games|kids logic","Activity guide","Beginner","Discover","Offer cooperative activities with multiple ways to explain an answer. Focus the article on “A card-free ordering puzzle for two people” and include an original example or check.","/articles","Explore more guides","Yes: materials and steps","Safety/accessibility review"
"FAM-05","Family-friendly puzzles","A household symmetry hunt","Education","Families and mixed-age groups","family logic puzzles","screen-free puzzles|family reasoning games|kids logic","Activity guide","Beginner","Discover","Offer cooperative activities with multiple ways to explain an answer. Focus the article on “A household symmetry hunt” and include an original example or check.","/articles","Explore more guides","Yes: materials and steps","Safety/accessibility review"
"FAM-06","Family-friendly puzzles","A story analogy game for younger learners","Education","Families and mixed-age groups","family logic puzzles","screen-free puzzles|family reasoning games|kids logic","Activity guide","Beginner","Discover","Offer cooperative activities with multiple ways to explain an answer. Focus the article on “A story analogy game for younger learners” and include an original example or check.","/articles","Explore more guides","Yes: materials and steps","Safety/accessibility review"
"FAM-07","Family-friendly puzzles","Cooperative puzzles where everyone gives a clue","Education","Families and mixed-age groups","family logic puzzles","screen-free puzzles|family reasoning games|kids logic","Activity guide","Beginner","Discover","Offer cooperative activities with multiple ways to explain an answer. Focus the article on “Cooperative puzzles where everyone gives a clue” and include an original example or check.","/articles","Explore more guides","Yes: materials and steps","Safety/accessibility review"
"FAM-08","Family-friendly puzzles","How to make puzzle time welcoming for different ages","Education","Families and mixed-age groups","family logic puzzles","screen-free puzzles|family reasoning games|kids logic","Activity guide","Beginner","Discover","Offer cooperative activities with multiple ways to explain an answer. Focus the article on “How to make puzzle time welcoming for different ages” and include an original example or check.","/articles","Explore more guides","Yes: materials and steps","Safety/accessibility review"
"QUI-01","Interactive quiz ideas","Design a five-question category sampler","Product education","People designing or reviewing quizzes","interactive reasoning quiz","quiz feedback|accessible quiz design|randomized practice","Product guide","Intermediate","Learn","Show how feedback and explanations support learning beyond completion. Focus the article on “Design a five-question category sampler” and include an original example or check.","/how-it-works","See how IQTestReal works","Yes: interaction checklist","Accessibility and UX review"
"QUI-02","Interactive quiz ideas","Feedback after a wrong answer: what to show","Product education","People designing or reviewing quizzes","interactive reasoning quiz","quiz feedback|accessible quiz design|randomized practice","Product guide","Intermediate","Learn","Show how feedback and explanations support learning beyond completion. Focus the article on “Feedback after a wrong answer: what to show” and include an original example or check.","/how-it-works","See how IQTestReal works","Yes: interaction checklist","Accessibility and UX review"
"QUI-03","Interactive quiz ideas","A quiz that teaches the rule before the score","Product education","People designing or reviewing quizzes","interactive reasoning quiz","quiz feedback|accessible quiz design|randomized practice","Product guide","Intermediate","Learn","Show how feedback and explanations support learning beyond completion. Focus the article on “A quiz that teaches the rule before the score” and include an original example or check.","/how-it-works","See how IQTestReal works","Yes: interaction checklist","Accessibility and UX review"
"QUI-04","Interactive quiz ideas","How to randomize practice without losing explanations","Product education","People designing or reviewing quizzes","interactive reasoning quiz","quiz feedback|accessible quiz design|randomized practice","Product guide","Intermediate","Learn","Show how feedback and explanations support learning beyond completion. Focus the article on “How to randomize practice without losing explanations” and include an original example or check.","/how-it-works","See how IQTestReal works","Yes: interaction checklist","Accessibility and UX review"
"QUI-05","Interactive quiz ideas","A mobile-friendly visual puzzle interaction","Product education","People designing or reviewing quizzes","interactive reasoning quiz","quiz feedback|accessible quiz design|randomized practice","Product guide","Intermediate","Learn","Show how feedback and explanations support learning beyond completion. Focus the article on “A mobile-friendly visual puzzle interaction” and include an original example or check.","/how-it-works","See how IQTestReal works","Yes: interaction checklist","Accessibility and UX review"
"QUI-06","Interactive quiz ideas","Quiz accessibility: keyboard, labels, and timing","Product education","People designing or reviewing quizzes","interactive reasoning quiz","quiz feedback|accessible quiz design|randomized practice","Product guide","Intermediate","Learn","Show how feedback and explanations support learning beyond completion. Focus the article on “Quiz accessibility: keyboard, labels, and timing” and include an original example or check.","/how-it-works","See how IQTestReal works","Yes: interaction checklist","Accessibility and UX review"
"QUI-07","Interactive quiz ideas","A no-pressure daily quiz format","Product education","People designing or reviewing quizzes","interactive reasoning quiz","quiz feedback|accessible quiz design|randomized practice","Product guide","Intermediate","Learn","Show how feedback and explanations support learning beyond completion. Focus the article on “A no-pressure daily quiz format” and include an original example or check.","/how-it-works","See how IQTestReal works","Yes: interaction checklist","Accessibility and UX review"
"QUI-08","Interactive quiz ideas","Measure learning, not just quiz completion","Product education","People designing or reviewing quizzes","interactive reasoning quiz","quiz feedback|accessible quiz design|randomized practice","Product guide","Intermediate","Learn","Show how feedback and explanations support learning beyond completion. Focus the article on “Measure learning, not just quiz completion” and include an original example or check.","/how-it-works","See how IQTestReal works","Yes: interaction checklist","Accessibility and UX review"
"SHA-01","Shareable challenge articles","Shareable logic challenge with a full answer","Engagement","Readers sharing a useful puzzle","shareable reasoning puzzle","study group puzzle|newsletter challenge|puzzle card","Challenge article","Beginner","Return","Make the answer and reasoning shareable without clickbait or exact-match anchors. Focus the article on “Shareable logic challenge with a full answer” and include an original example or check.","/articles/reasoning-categories-explained","Share the worked puzzle guide","Yes: one-question format","Editorial and accessibility review"
"SHA-02","Shareable challenge articles","Shareable sequence puzzle with an accessible text version","Engagement","Readers sharing a useful puzzle","shareable reasoning puzzle","study group puzzle|newsletter challenge|puzzle card","Challenge article","Beginner","Return","Make the answer and reasoning shareable without clickbait or exact-match anchors. Focus the article on “Shareable sequence puzzle with an accessible text version” and include an original example or check.","/articles/reasoning-categories-explained","Share the worked puzzle guide","Yes: one-question format","Editorial and accessibility review"
"SHA-03","Shareable challenge articles","Shareable spatial puzzle explained without an image","Engagement","Readers sharing a useful puzzle","shareable reasoning puzzle","study group puzzle|newsletter challenge|puzzle card","Challenge article","Beginner","Return","Make the answer and reasoning shareable without clickbait or exact-match anchors. Focus the article on “Shareable spatial puzzle explained without an image” and include an original example or check.","/articles/reasoning-categories-explained","Share the worked puzzle guide","Yes: one-question format","Editorial and accessibility review"
"SHA-04","Shareable challenge articles","Shareable analogy challenge for a study group","Engagement","Readers sharing a useful puzzle","shareable reasoning puzzle","study group puzzle|newsletter challenge|puzzle card","Challenge article","Beginner","Return","Make the answer and reasoning shareable without clickbait or exact-match anchors. Focus the article on “Shareable analogy challenge for a study group” and include an original example or check.","/articles/reasoning-categories-explained","Share the worked puzzle guide","Yes: one-question format","Editorial and accessibility review"
"SHA-05","Shareable challenge articles","How to write a puzzle card without a clickbait headline","Engagement","Readers sharing a useful puzzle","shareable reasoning puzzle","study group puzzle|newsletter challenge|puzzle card","Challenge article","Beginner","Return","Make the answer and reasoning shareable without clickbait or exact-match anchors. Focus the article on “How to write a puzzle card without a clickbait headline” and include an original example or check.","/articles/reasoning-categories-explained","Share the worked puzzle guide","Yes: one-question format","Editorial and accessibility review"
"SHA-06","Shareable challenge articles","A puzzle newsletter section readers can solve in a minute","Engagement","Readers sharing a useful puzzle","shareable reasoning puzzle","study group puzzle|newsletter challenge|puzzle card","Challenge article","Beginner","Return","Make the answer and reasoning shareable without clickbait or exact-match anchors. Focus the article on “A puzzle newsletter section readers can solve in a minute” and include an original example or check.","/articles/reasoning-categories-explained","Share the worked puzzle guide","Yes: one-question format","Editorial and accessibility review"
"SHA-07","Shareable challenge articles","A classroom-safe challenge people can discuss","Engagement","Readers sharing a useful puzzle","shareable reasoning puzzle","study group puzzle|newsletter challenge|puzzle card","Challenge article","Beginner","Return","Make the answer and reasoning shareable without clickbait or exact-match anchors. Focus the article on “A classroom-safe challenge people can discuss” and include an original example or check.","/articles/reasoning-categories-explained","Share the worked puzzle guide","Yes: one-question format","Editorial and accessibility review"
"SHA-08","Shareable challenge articles","Year-end reasoning challenge with a transparent solution","Engagement","Readers sharing a useful puzzle","shareable reasoning puzzle","study group puzzle|newsletter challenge|puzzle card","Challenge article","Beginner","Return","Make the answer and reasoning shareable without clickbait or exact-match anchors. Focus the article on “Year-end reasoning challenge with a transparent solution” and include an original example or check.","/articles/reasoning-categories-explained","Share the worked puzzle guide","Yes: one-question format","Editorial and accessibility review"



